"overdose_deaths","year","fipscounty","county","state","fipsstate"
18,2018,47001,"ANDERSON","TN","47"
34,2017,47001,"ANDERSON","TN","47"
24,2016,47001,"ANDERSON","TN","47"
20,2015,47001,"ANDERSON","TN","47"
7,2018,47003,"BEDFORD","TN","47"
3,2017,47003,"BEDFORD","TN","47"
1,2016,47003,"BEDFORD","TN","47"
8,2015,47003,"BEDFORD","TN","47"
1,2018,47005,"BENTON","TN","47"
5,2017,47005,"BENTON","TN","47"
1,2016,47005,"BENTON","TN","47"
4,2015,47005,"BENTON","TN","47"
3,2018,47007,"BLEDSOE","TN","47"
2,2017,47007,"BLEDSOE","TN","47"
2,2016,47007,"BLEDSOE","TN","47"
1,2015,47007,"BLEDSOE","TN","47"
30,2018,47009,"BLOUNT","TN","47"
29,2017,47009,"BLOUNT","TN","47"
21,2016,47009,"BLOUNT","TN","47"
19,2015,47009,"BLOUNT","TN","47"
17,2018,47011,"BRADLEY","TN","47"
14,2017,47011,"BRADLEY","TN","47"
7,2016,47011,"BRADLEY","TN","47"
10,2015,47011,"BRADLEY","TN","47"
3,2018,47013,"CAMPBELL","TN","47"
5,2017,47013,"CAMPBELL","TN","47"
4,2016,47013,"CAMPBELL","TN","47"
16,2015,47013,"CAMPBELL","TN","47"
3,2018,47015,"CANNON","TN","47"
3,2017,47015,"CANNON","TN","47"
3,2016,47015,"CANNON","TN","47"
3,2015,47015,"CANNON","TN","47"
0,2018,47017,"CARROLL","TN","47"
2,2017,47017,"CARROLL","TN","47"
1,2016,47017,"CARROLL","TN","47"
1,2015,47017,"CARROLL","TN","47"
12,2018,47019,"CARTER","TN","47"
16,2017,47019,"CARTER","TN","47"
14,2016,47019,"CARTER","TN","47"
10,2015,47019,"CARTER","TN","47"
21,2018,47021,"CHEATHAM","TN","47"
24,2017,47021,"CHEATHAM","TN","47"
13,2016,47021,"CHEATHAM","TN","47"
15,2015,47021,"CHEATHAM","TN","47"
1,2018,47023,"CHESTER","TN","47"
1,2017,47023,"CHESTER","TN","47"
2,2016,47023,"CHESTER","TN","47"
3,2015,47023,"CHESTER","TN","47"
1,2018,47025,"CLAIBORNE","TN","47"
2,2017,47025,"CLAIBORNE","TN","47"
2,2016,47025,"CLAIBORNE","TN","47"
3,2015,47025,"CLAIBORNE","TN","47"
1,2018,47027,"CLAY","TN","47"
2,2017,47027,"CLAY","TN","47"
6,2016,47027,"CLAY","TN","47"
2,2015,47027,"CLAY","TN","47"
6,2018,47029,"COCKE","TN","47"
6,2017,47029,"COCKE","TN","47"
4,2016,47029,"COCKE","TN","47"
5,2015,47029,"COCKE","TN","47"
13,2018,47031,"COFFEE","TN","47"
12,2017,47031,"COFFEE","TN","47"
12,2016,47031,"COFFEE","TN","47"
8,2015,47031,"COFFEE","TN","47"
2,2018,47033,"CROCKETT","TN","47"
0,2017,47033,"CROCKETT","TN","47"
0,2016,47033,"CROCKETT","TN","47"
1,2015,47033,"CROCKETT","TN","47"
7,2018,47035,"CUMBERLAND","TN","47"
9,2017,47035,"CUMBERLAND","TN","47"
6,2016,47035,"CUMBERLAND","TN","47"
2,2015,47035,"CUMBERLAND","TN","47"
200,2018,47037,"DAVIDSON","TN","47"
184,2017,47037,"DAVIDSON","TN","47"
178,2016,47037,"DAVIDSON","TN","47"
127,2015,47037,"DAVIDSON","TN","47"
2,2018,47039,"DECATUR","TN","47"
0,2017,47039,"DECATUR","TN","47"
3,2016,47039,"DECATUR","TN","47"
5,2015,47039,"DECATUR","TN","47"
4,2018,47041,"DE KALB","TN","47"
7,2017,47041,"DE KALB","TN","47"
1,2016,47041,"DE KALB","TN","47"
2,2015,47041,"DE KALB","TN","47"
10,2018,47043,"DICKSON","TN","47"
6,2017,47043,"DICKSON","TN","47"
17,2016,47043,"DICKSON","TN","47"
16,2015,47043,"DICKSON","TN","47"
0,2018,47045,"DYER","TN","47"
1,2017,47045,"DYER","TN","47"
0,2016,47045,"DYER","TN","47"
1,2015,47045,"DYER","TN","47"
4,2018,47047,"FAYETTE","TN","47"
3,2017,47047,"FAYETTE","TN","47"
2,2016,47047,"FAYETTE","TN","47"
5,2015,47047,"FAYETTE","TN","47"
1,2018,47049,"FENTRESS","TN","47"
1,2017,47049,"FENTRESS","TN","47"
2,2016,47049,"FENTRESS","TN","47"
2,2015,47049,"FENTRESS","TN","47"
1,2018,47051,"FRANKLIN","TN","47"
3,2017,47051,"FRANKLIN","TN","47"
2,2016,47051,"FRANKLIN","TN","47"
7,2015,47051,"FRANKLIN","TN","47"
6,2018,47053,"GIBSON","TN","47"
6,2017,47053,"GIBSON","TN","47"
5,2016,47053,"GIBSON","TN","47"
6,2015,47053,"GIBSON","TN","47"
4,2018,47055,"GILES","TN","47"
5,2017,47055,"GILES","TN","47"
4,2016,47055,"GILES","TN","47"
9,2015,47055,"GILES","TN","47"
1,2018,47057,"GRAINGER","TN","47"
1,2017,47057,"GRAINGER","TN","47"
3,2016,47057,"GRAINGER","TN","47"
2,2015,47057,"GRAINGER","TN","47"
18,2018,47059,"GREENE","TN","47"
17,2017,47059,"GREENE","TN","47"
13,2016,47059,"GREENE","TN","47"
5,2015,47059,"GREENE","TN","47"
2,2018,47061,"GRUNDY","TN","47"
1,2017,47061,"GRUNDY","TN","47"
2,2016,47061,"GRUNDY","TN","47"
1,2015,47061,"GRUNDY","TN","47"
7,2018,47063,"HAMBLEN","TN","47"
9,2017,47063,"HAMBLEN","TN","47"
19,2016,47063,"HAMBLEN","TN","47"
11,2015,47063,"HAMBLEN","TN","47"
41,2018,47065,"HAMILTON","TN","47"
60,2017,47065,"HAMILTON","TN","47"
53,2016,47065,"HAMILTON","TN","47"
37,2015,47065,"HAMILTON","TN","47"
3,2018,47067,"HANCOCK","TN","47"
3,2017,47067,"HANCOCK","TN","47"
1,2016,47067,"HANCOCK","TN","47"
3,2015,47067,"HANCOCK","TN","47"
2,2018,47069,"HARDEMAN","TN","47"
4,2017,47069,"HARDEMAN","TN","47"
1,2016,47069,"HARDEMAN","TN","47"
1,2015,47069,"HARDEMAN","TN","47"
5,2018,47071,"HARDIN","TN","47"
2,2017,47071,"HARDIN","TN","47"
7,2016,47071,"HARDIN","TN","47"
7,2015,47071,"HARDIN","TN","47"
11,2018,47073,"HAWKINS","TN","47"
5,2017,47073,"HAWKINS","TN","47"
19,2016,47073,"HAWKINS","TN","47"
14,2015,47073,"HAWKINS","TN","47"
1,2018,47075,"HAYWOOD","TN","47"
0,2017,47075,"HAYWOOD","TN","47"
1,2016,47075,"HAYWOOD","TN","47"
0,2015,47075,"HAYWOOD","TN","47"
6,2018,47077,"HENDERSON","TN","47"
5,2017,47077,"HENDERSON","TN","47"
2,2016,47077,"HENDERSON","TN","47"
4,2015,47077,"HENDERSON","TN","47"
7,2018,47079,"HENRY","TN","47"
2,2017,47079,"HENRY","TN","47"
4,2016,47079,"HENRY","TN","47"
1,2015,47079,"HENRY","TN","47"
8,2018,47081,"HICKMAN","TN","47"
3,2017,47081,"HICKMAN","TN","47"
4,2016,47081,"HICKMAN","TN","47"
5,2015,47081,"HICKMAN","TN","47"
2,2018,47083,"HOUSTON","TN","47"
1,2017,47083,"HOUSTON","TN","47"
2,2016,47083,"HOUSTON","TN","47"
2,2015,47083,"HOUSTON","TN","47"
1,2018,47085,"HUMPHREYS","TN","47"
4,2017,47085,"HUMPHREYS","TN","47"
2,2016,47085,"HUMPHREYS","TN","47"
4,2015,47085,"HUMPHREYS","TN","47"
2,2018,47087,"JACKSON","TN","47"
2,2017,47087,"JACKSON","TN","47"
4,2016,47087,"JACKSON","TN","47"
3,2015,47087,"JACKSON","TN","47"
5,2018,47089,"JEFFERSON","TN","47"
7,2017,47089,"JEFFERSON","TN","47"
3,2016,47089,"JEFFERSON","TN","47"
2,2015,47089,"JEFFERSON","TN","47"
1,2018,47091,"JOHNSON","TN","47"
1,2017,47091,"JOHNSON","TN","47"
1,2016,47091,"JOHNSON","TN","47"
3,2015,47091,"JOHNSON","TN","47"
218,2018,47093,"KNOX","TN","47"
196,2017,47093,"KNOX","TN","47"
147,2016,47093,"KNOX","TN","47"
122,2015,47093,"KNOX","TN","47"
0,2018,47095,"LAKE","TN","47"
0,2017,47095,"LAKE","TN","47"
0,2016,47095,"LAKE","TN","47"
0,2015,47095,"LAKE","TN","47"
2,2018,47097,"LAUDERDALE","TN","47"
2,2017,47097,"LAUDERDALE","TN","47"
5,2016,47097,"LAUDERDALE","TN","47"
0,2015,47097,"LAUDERDALE","TN","47"
7,2018,47099,"LAWRENCE","TN","47"
7,2017,47099,"LAWRENCE","TN","47"
5,2016,47099,"LAWRENCE","TN","47"
2,2015,47099,"LAWRENCE","TN","47"
1,2018,47101,"LEWIS","TN","47"
2,2017,47101,"LEWIS","TN","47"
0,2016,47101,"LEWIS","TN","47"
0,2015,47101,"LEWIS","TN","47"
7,2018,47103,"LINCOLN","TN","47"
4,2017,47103,"LINCOLN","TN","47"
5,2016,47103,"LINCOLN","TN","47"
2,2015,47103,"LINCOLN","TN","47"
7,2018,47105,"LOUDON","TN","47"
18,2017,47105,"LOUDON","TN","47"
12,2016,47105,"LOUDON","TN","47"
9,2015,47105,"LOUDON","TN","47"
4,2018,47107,"MC MINN","TN","47"
6,2017,47107,"MC MINN","TN","47"
5,2016,47107,"MC MINN","TN","47"
4,2015,47107,"MC MINN","TN","47"
0,2018,47109,"MC NAIRY","TN","47"
3,2017,47109,"MC NAIRY","TN","47"
3,2016,47109,"MC NAIRY","TN","47"
9,2015,47109,"MC NAIRY","TN","47"
2,2018,47111,"MACON","TN","47"
2,2017,47111,"MACON","TN","47"
5,2016,47111,"MACON","TN","47"
3,2015,47111,"MACON","TN","47"
5,2018,47113,"MADISON","TN","47"
12,2017,47113,"MADISON","TN","47"
7,2016,47113,"MADISON","TN","47"
5,2015,47113,"MADISON","TN","47"
1,2018,47115,"MARION","TN","47"
2,2017,47115,"MARION","TN","47"
3,2016,47115,"MARION","TN","47"
3,2015,47115,"MARION","TN","47"
5,2018,47117,"MARSHALL","TN","47"
6,2017,47117,"MARSHALL","TN","47"
10,2016,47117,"MARSHALL","TN","47"
5,2015,47117,"MARSHALL","TN","47"
18,2018,47119,"MAURY","TN","47"
12,2017,47119,"MAURY","TN","47"
15,2016,47119,"MAURY","TN","47"
11,2015,47119,"MAURY","TN","47"
0,2018,47121,"MEIGS","TN","47"
2,2017,47121,"MEIGS","TN","47"
1,2016,47121,"MEIGS","TN","47"
0,2015,47121,"MEIGS","TN","47"
8,2018,47123,"MONROE","TN","47"
5,2017,47123,"MONROE","TN","47"
6,2016,47123,"MONROE","TN","47"
6,2015,47123,"MONROE","TN","47"
40,2018,47125,"MONTGOMERY","TN","47"
22,2017,47125,"MONTGOMERY","TN","47"
15,2016,47125,"MONTGOMERY","TN","47"
24,2015,47125,"MONTGOMERY","TN","47"
1,2018,47127,"MOORE","TN","47"
1,2017,47127,"MOORE","TN","47"
0,2016,47127,"MOORE","TN","47"
0,2015,47127,"MOORE","TN","47"
3,2018,47129,"MORGAN","TN","47"
3,2017,47129,"MORGAN","TN","47"
6,2016,47129,"MORGAN","TN","47"
10,2015,47129,"MORGAN","TN","47"
3,2018,47131,"OBION","TN","47"
0,2017,47131,"OBION","TN","47"
1,2016,47131,"OBION","TN","47"
2,2015,47131,"OBION","TN","47"
5,2018,47133,"OVERTON","TN","47"
5,2017,47133,"OVERTON","TN","47"
6,2016,47133,"OVERTON","TN","47"
4,2015,47133,"OVERTON","TN","47"
0,2018,47135,"PERRY","TN","47"
1,2017,47135,"PERRY","TN","47"
0,2016,47135,"PERRY","TN","47"
0,2015,47135,"PERRY","TN","47"
1,2018,47137,"PICKETT","TN","47"
1,2017,47137,"PICKETT","TN","47"
0,2016,47137,"PICKETT","TN","47"
0,2015,47137,"PICKETT","TN","47"
0,2018,47139,"POLK","TN","47"
2,2017,47139,"POLK","TN","47"
2,2016,47139,"POLK","TN","47"
3,2015,47139,"POLK","TN","47"
8,2018,47141,"PUTNAM","TN","47"
10,2017,47141,"PUTNAM","TN","47"
10,2016,47141,"PUTNAM","TN","47"
12,2015,47141,"PUTNAM","TN","47"
2,2018,47143,"RHEA","TN","47"
4,2017,47143,"RHEA","TN","47"
3,2016,47143,"RHEA","TN","47"
3,2015,47143,"RHEA","TN","47"
25,2018,47145,"ROANE","TN","47"
16,2017,47145,"ROANE","TN","47"
21,2016,47145,"ROANE","TN","47"
15,2015,47145,"ROANE","TN","47"
10,2018,47147,"ROBERTSON","TN","47"
15,2017,47147,"ROBERTSON","TN","47"
9,2016,47147,"ROBERTSON","TN","47"
12,2015,47147,"ROBERTSON","TN","47"
68,2018,47149,"RUTHERFORD","TN","47"
48,2017,47149,"RUTHERFORD","TN","47"
45,2016,47149,"RUTHERFORD","TN","47"
44,2015,47149,"RUTHERFORD","TN","47"
1,2018,47151,"SCOTT","TN","47"
2,2017,47151,"SCOTT","TN","47"
1,2016,47151,"SCOTT","TN","47"
4,2015,47151,"SCOTT","TN","47"
3,2018,47153,"SEQUATCHIE","TN","47"
3,2017,47153,"SEQUATCHIE","TN","47"
3,2016,47153,"SEQUATCHIE","TN","47"
2,2015,47153,"SEQUATCHIE","TN","47"
38,2018,47155,"SEVIER","TN","47"
24,2017,47155,"SEVIER","TN","47"
17,2016,47155,"SEVIER","TN","47"
18,2015,47155,"SEVIER","TN","47"
123,2018,47157,"SHELBY","TN","47"
159,2017,47157,"SHELBY","TN","47"
150,2016,47157,"SHELBY","TN","47"
135,2015,47157,"SHELBY","TN","47"
3,2018,47159,"SMITH","TN","47"
2,2017,47159,"SMITH","TN","47"
8,2016,47159,"SMITH","TN","47"
5,2015,47159,"SMITH","TN","47"
6,2018,47161,"STEWART","TN","47"
0,2017,47161,"STEWART","TN","47"
1,2016,47161,"STEWART","TN","47"
1,2015,47161,"STEWART","TN","47"
43,2018,47163,"SULLIVAN","TN","47"
29,2017,47163,"SULLIVAN","TN","47"
36,2016,47163,"SULLIVAN","TN","47"
23,2015,47163,"SULLIVAN","TN","47"
33,2018,47165,"SUMNER","TN","47"
28,2017,47165,"SUMNER","TN","47"
21,2016,47165,"SUMNER","TN","47"
18,2015,47165,"SUMNER","TN","47"
12,2018,47167,"TIPTON","TN","47"
12,2017,47167,"TIPTON","TN","47"
16,2016,47167,"TIPTON","TN","47"
12,2015,47167,"TIPTON","TN","47"
7,2018,47169,"TROUSDALE","TN","47"
2,2017,47169,"TROUSDALE","TN","47"
0,2016,47169,"TROUSDALE","TN","47"
0,2015,47169,"TROUSDALE","TN","47"
5,2018,47171,"UNICOI","TN","47"
7,2017,47171,"UNICOI","TN","47"
5,2016,47171,"UNICOI","TN","47"
3,2015,47171,"UNICOI","TN","47"
2,2018,47173,"UNION","TN","47"
4,2017,47173,"UNION","TN","47"
6,2016,47173,"UNION","TN","47"
3,2015,47173,"UNION","TN","47"
1,2018,47175,"VAN BUREN","TN","47"
0,2017,47175,"VAN BUREN","TN","47"
3,2016,47175,"VAN BUREN","TN","47"
0,2015,47175,"VAN BUREN","TN","47"
4,2018,47177,"WARREN","TN","47"
1,2017,47177,"WARREN","TN","47"
5,2016,47177,"WARREN","TN","47"
5,2015,47177,"WARREN","TN","47"
9,2018,47179,"WASHINGTON","TN","47"
24,2017,47179,"WASHINGTON","TN","47"
30,2016,47179,"WASHINGTON","TN","47"
17,2015,47179,"WASHINGTON","TN","47"
4,2018,47181,"WAYNE","TN","47"
0,2017,47181,"WAYNE","TN","47"
1,2016,47181,"WAYNE","TN","47"
3,2015,47181,"WAYNE","TN","47"
5,2018,47183,"WEAKLEY","TN","47"
1,2017,47183,"WEAKLEY","TN","47"
4,2016,47183,"WEAKLEY","TN","47"
4,2015,47183,"WEAKLEY","TN","47"
4,2018,47185,"WHITE","TN","47"
0,2017,47185,"WHITE","TN","47"
8,2016,47185,"WHITE","TN","47"
7,2015,47185,"WHITE","TN","47"
30,2018,47187,"WILLIAMSON","TN","47"
24,2017,47187,"WILLIAMSON","TN","47"
19,2016,47187,"WILLIAMSON","TN","47"
21,2015,47187,"WILLIAMSON","TN","47"
19,2018,47189,"WILSON","TN","47"
26,2017,47189,"WILSON","TN","47"
27,2016,47189,"WILSON","TN","47"
26,2015,47189,"WILSON","TN","47"
